period,instrument
15m,Y2205.DCE
15m,Y2207.DCE
15m,Y2208.DCE
15m,Y2209.DCE
15m,Y2301.DCE
15m,Y2211.DCE
15m,Y2212.DCE
15m,Y0000.DCE
15m,SP2204.SHF
15m,SP2206.SHF
15m,SP2205.SHF
15m,SP2207.SHF
15m,SP2208.SHF
15m,SP2209.SHF
15m,SP2301.SHF
15m,SP2210.SHF
15m,SP2212.SHF
15m,SP2211.SHF
15m,SP0000.SHF
15m,LU2205.INE
15m,LU2206.INE
15m,LU2209.INE
15m,LU2207.INE
15m,LU2208.INE
15m,LU2210.INE
15m,LU2302.INE
15m,LU2211.INE
15m,LU2212.INE
15m,LU2301.INE
15m,LU0000.INE
15m,B2204.DCE
15m,B2206.DCE
15m,B2205.DCE
15m,B2207.DCE
15m,B2208.DCE
15m,B2209.DCE
15m,B2301.DCE
15m,B2210.DCE
15m,B2211.DCE
15m,B2212.DCE
15m,B0000.DCE
15m,TA2204.CZC
15m,TA2206.CZC
15m,TA2205.CZC
15m,TA2207.CZC
15m,TA2208.CZC
15m,TA2209.CZC
15m,TA2301.CZC
15m,TA2210.CZC
15m,TA2211.CZC
15m,TA2212.CZC
15m,TA0000.CZC
15m,LH2205.DCE
15m,LH2207.DCE
15m,LH2209.DCE
15m,LH2301.DCE
15m,LH2211.DCE
15m,LH0000.DCE
15m,C2205.DCE
15m,C2207.DCE
15m,C2209.DCE
15m,C2301.DCE
15m,C2211.DCE
15m,C0000.DCE
15m,BU2206.SHF
15m,BU2209.SHF
15m,BU2212.SHF
15m,BU2303.SHF
15m,BU2306.SHF
15m,BU2309.SHF
15m,BU2204.SHF
15m,BU2312.SHF
15m,BU2207.SHF
15m,BU2205.SHF
15m,BU0000.SHF
15m,SR2205.CZC
15m,SR2207.CZC
15m,SR2209.CZC
15m,SR2301.CZC
15m,SR2211.CZC
15m,SR0000.CZC
15m,I2205.DCE
15m,I2204.DCE
15m,I2206.DCE
15m,I2207.DCE
15m,I2208.DCE
15m,I2209.DCE
15m,I2301.DCE
15m,I2210.DCE
15m,I2211.DCE
15m,I2212.DCE
15m,I0000.DCE
15m,MA2204.CZC
15m,MA2206.CZC
15m,MA2205.CZC
15m,MA2207.CZC
15m,MA2208.CZC
15m,MA2209.CZC
15m,MA2301.CZC
15m,MA2210.CZC
15m,MA2211.CZC
15m,MA2212.CZC
15m,MA0000.CZC
15m,M2205.DCE
15m,M2207.DCE
15m,M2208.DCE
15m,M2209.DCE
15m,M2301.DCE
15m,M2211.DCE
15m,M2212.DCE
15m,M0000.DCE
15m,FU2205.SHF
15m,FU2206.SHF
15m,FU2209.SHF
15m,FU2207.SHF
15m,FU2208.SHF
15m,FU2210.SHF
15m,FU2302.SHF
15m,FU2211.SHF
15m,FU2212.SHF
15m,FU2301.SHF
15m,FU0000.SHF
15m,JD2204.DCE
15m,JD2205.DCE
15m,JD2207.DCE
15m,JD2206.DCE
15m,JD2208.DCE
15m,JD2209.DCE
15m,JD2301.DCE
15m,JD2210.DCE
15m,JD2212.DCE
15m,JD2211.DCE
15m,JD0000.DCE
15m,SF2204.CZC
15m,SF2206.CZC
15m,SF2205.CZC
15m,SF2207.CZC
15m,SF2208.CZC
15m,SF2209.CZC
15m,SF2301.CZC
15m,SF2210.CZC
15m,SF2211.CZC
15m,SF2212.CZC
15m,SF0000.CZC
15m,PB2205.SHF
15m,PB2204.SHF
15m,PB2206.SHF
15m,PB2207.SHF
15m,PB2208.SHF
15m,PB2209.SHF
15m,PB2210.SHF
15m,PB2212.SHF
15m,PB2301.SHF
15m,PB2211.SHF
15m,PB0000.SHF
15m,PF2205.CZC
15m,PF2204.CZC
15m,PF2206.CZC
15m,PF2207.CZC
15m,PF2209.CZC
15m,PF2208.CZC
15m,PF2210.CZC
15m,PF2301.CZC
15m,PF2211.CZC
15m,PF2212.CZC
15m,PF0000.CZC
15m,PK2204.CZC
15m,PK2210.CZC
15m,PK2301.CZC
15m,PK2211.CZC
15m,PK2212.CZC
15m,PK0000.CZC
15m,AG2204.SHF
15m,AG2206.SHF
15m,AG2207.SHF
15m,AG2205.SHF
15m,AG2208.SHF
15m,AG2209.SHF
15m,AG2210.SHF
15m,AG2212.SHF
15m,AG2301.SHF
15m,AG2211.SHF
15m,AG0000.SHF
15m,JM2204.DCE
15m,JM2206.DCE
15m,JM2205.DCE
15m,JM2207.DCE
15m,JM2208.DCE
15m,JM2209.DCE
15m,JM2301.DCE
15m,JM2210.DCE
15m,JM2211.DCE
15m,JM2212.DCE
15m,JM0000.DCE
15m,EB2204.DCE
15m,EB2205.DCE
15m,EB2207.DCE
15m,EB2206.DCE
15m,EB2209.DCE
15m,EB2208.DCE
15m,EB2301.DCE
15m,EB2210.DCE
15m,EB2212.DCE
15m,EB2211.DCE
15m,EB0000.DCE
15m,FG2204.CZC
15m,FG2206.CZC
15m,FG2205.CZC
15m,FG2207.CZC
15m,FG2208.CZC
15m,FG2209.CZC
15m,FG2301.CZC
15m,FG2210.CZC
15m,FG2211.CZC
15m,FG2212.CZC
15m,FG0000.CZC
15m,SC2209.INE
15m,SC2212.INE
15m,SC2206.INE
15m,SC2303.INE
15m,SC2306.INE
15m,SC2309.INE
15m,SC2312.INE
15m,SC2403.INE
15m,SC2205.INE
15m,SC2406.INE
15m,SC2409.INE
15m,SC2207.INE
15m,SC2208.INE
15m,SC2210.INE
15m,SC2302.INE
15m,SC2211.INE
15m,SC2412.INE
15m,SC2301.INE
15m,SC0000.INE
15m,P2204.DCE
15m,P2206.DCE
15m,P2205.DCE
15m,P2207.DCE
15m,P2208.DCE
15m,P2209.DCE
15m,P2301.DCE
15m,P2210.DCE
15m,P2211.DCE
15m,P2212.DCE
15m,P0000.DCE
15m,RB2205.SHF
15m,RB2204.SHF
15m,RB2206.SHF
15m,RB2207.SHF
15m,RB2208.SHF
15m,RB2209.SHF
15m,RB2210.SHF
15m,RB2212.SHF
15m,RB2301.SHF
15m,RB2211.SHF
15m,RB0000.SHF
15m,J2204.DCE
15m,J2206.DCE
15m,J2205.DCE
15m,J2207.DCE
15m,J2208.DCE
15m,J2209.DCE
15m,J2301.DCE
15m,J2210.DCE
15m,J2211.DCE
15m,J2212.DCE
15m,J0000.DCE
15m,SM2204.CZC
15m,SM2206.CZC
15m,SM2205.CZC
15m,SM2207.CZC
15m,SM2208.CZC
15m,SM2209.CZC
15m,SM2301.CZC
15m,SM2210.CZC
15m,SM2211.CZC
15m,SM2212.CZC
15m,SM0000.CZC
15m,SA2204.CZC
15m,SA2206.CZC
15m,SA2205.CZC
15m,SA2207.CZC
15m,SA2208.CZC
15m,SA2209.CZC
15m,SA2301.CZC
15m,SA2210.CZC
15m,SA2211.CZC
15m,SA2212.CZC
15m,SA0000.CZC
15m,HC2205.SHF
15m,HC2204.SHF
15m,HC2206.SHF
15m,HC2207.SHF
15m,HC2208.SHF
15m,HC2209.SHF
15m,HC2210.SHF
15m,HC2212.SHF
15m,HC2301.SHF
15m,HC2211.SHF
15m,HC0000.SHF
15m,V2204.DCE
15m,V2206.DCE
15m,V2205.DCE
15m,V2207.DCE
15m,V2208.DCE
15m,V2209.DCE
15m,V2301.DCE
15m,V2210.DCE
15m,V2211.DCE
15m,V2212.DCE
15m,V0000.DCE
15m,ME0000.CZC
15m,CS2205.DCE
15m,CS2207.DCE
15m,CS2209.DCE
15m,CS2301.DCE
15m,CS2211.DCE
15m,CS0000.DCE
15m,L2204.DCE
15m,L2206.DCE
15m,L2205.DCE
15m,L2207.DCE
15m,L2208.DCE
15m,L2209.DCE
15m,L2301.DCE
15m,L2210.DCE
15m,L2211.DCE
15m,L2212.DCE
15m,L0000.DCE
15m,A2205.DCE
15m,A2207.DCE
15m,A2209.DCE
15m,A2301.DCE
15m,A2211.DCE
15m,A0000.DCE
15m,UR2204.CZC
15m,UR2206.CZC
15m,UR2205.CZC
15m,UR2207.CZC
15m,UR2208.CZC
15m,UR2209.CZC
15m,UR2301.CZC
15m,UR2210.CZC
15m,UR2211.CZC
15m,UR2212.CZC
15m,UR0000.CZC
15m,RM2205.CZC
15m,RM2207.CZC
15m,RM2208.CZC
15m,RM2209.CZC
15m,RM2301.CZC
15m,RM2211.CZC
15m,RM0000.CZC
30m,Y2205.DCE
30m,Y2207.DCE
30m,Y2208.DCE
30m,Y2209.DCE
30m,Y2301.DCE
30m,Y2211.DCE
30m,Y2212.DCE
30m,Y0000.DCE
30m,SP2204.SHF
30m,SP2206.SHF
30m,SP2205.SHF
30m,SP2207.SHF
30m,SP2208.SHF
30m,SP2209.SHF
30m,SP2301.SHF
30m,SP2210.SHF
30m,SP2212.SHF
30m,SP2211.SHF
30m,SP0000.SHF
30m,LU2205.INE
30m,LU2206.INE
30m,LU2209.INE
30m,LU2207.INE
30m,LU2208.INE
30m,LU2210.INE
30m,LU2302.INE
30m,LU2211.INE
30m,LU2212.INE
30m,LU2301.INE
30m,LU0000.INE
30m,B2204.DCE
30m,B2206.DCE
30m,B2205.DCE
30m,B2207.DCE
30m,B2208.DCE
30m,B2209.DCE
30m,B2301.DCE
30m,B2210.DCE
30m,B2211.DCE
30m,B2212.DCE
30m,B0000.DCE
30m,TA2204.CZC
30m,TA2206.CZC
30m,TA2205.CZC
30m,TA2207.CZC
30m,TA2208.CZC
30m,TA2209.CZC
30m,TA2301.CZC
30m,TA2210.CZC
30m,TA2211.CZC
30m,TA2212.CZC
30m,TA0000.CZC
30m,LH2205.DCE
30m,LH2207.DCE
30m,LH2209.DCE
30m,LH2301.DCE
30m,LH2211.DCE
30m,LH0000.DCE
30m,C2205.DCE
30m,C2207.DCE
30m,C2209.DCE
30m,C2301.DCE
30m,C2211.DCE
30m,C0000.DCE
30m,BU2206.SHF
30m,BU2209.SHF
30m,BU2212.SHF
30m,BU2303.SHF
30m,BU2306.SHF
30m,BU2309.SHF
30m,BU2204.SHF
30m,BU2312.SHF
30m,BU2207.SHF
30m,BU2205.SHF
30m,BU0000.SHF
30m,SR2205.CZC
30m,SR2207.CZC
30m,SR2209.CZC
30m,SR2301.CZC
30m,SR2211.CZC
30m,SR0000.CZC
30m,I2205.DCE
30m,I2204.DCE
30m,I2206.DCE
30m,I2207.DCE
30m,I2208.DCE
30m,I2209.DCE
30m,I2301.DCE
30m,I2210.DCE
30m,I2211.DCE
30m,I2212.DCE
30m,I0000.DCE
30m,MA2204.CZC
30m,MA2206.CZC
30m,MA2205.CZC
30m,MA2207.CZC
30m,MA2208.CZC
30m,MA2209.CZC
30m,MA2301.CZC
30m,MA2210.CZC
30m,MA2211.CZC
30m,MA2212.CZC
30m,MA0000.CZC
30m,M2205.DCE
30m,M2207.DCE
30m,M2208.DCE
30m,M2209.DCE
30m,M2301.DCE
30m,M2211.DCE
30m,M2212.DCE
30m,M0000.DCE
30m,FU2205.SHF
30m,FU2206.SHF
30m,FU2209.SHF
30m,FU2207.SHF
30m,FU2208.SHF
30m,FU2210.SHF
30m,FU2302.SHF
30m,FU2211.SHF
30m,FU2212.SHF
30m,FU2301.SHF
30m,FU0000.SHF
30m,JD2204.DCE
30m,JD2205.DCE
30m,JD2207.DCE
30m,JD2206.DCE
30m,JD2208.DCE
30m,JD2209.DCE
30m,JD2301.DCE
30m,JD2210.DCE
30m,JD2212.DCE
30m,JD2211.DCE
30m,JD0000.DCE
30m,SF2204.CZC
30m,SF2206.CZC
30m,SF2205.CZC
30m,SF2207.CZC
30m,SF2208.CZC
30m,SF2209.CZC
30m,SF2301.CZC
30m,SF2210.CZC
30m,SF2211.CZC
30m,SF2212.CZC
30m,SF0000.CZC
30m,PB2205.SHF
30m,PB2204.SHF
30m,PB2206.SHF
30m,PB2207.SHF
30m,PB2208.SHF
30m,PB2209.SHF
30m,PB2210.SHF
30m,PB2212.SHF
30m,PB2301.SHF
30m,PB2211.SHF
30m,PB0000.SHF
30m,PF2205.CZC
30m,PF2204.CZC
30m,PF2206.CZC
30m,PF2207.CZC
30m,PF2209.CZC
30m,PF2208.CZC
30m,PF2210.CZC
30m,PF2301.CZC
30m,PF2211.CZC
30m,PF2212.CZC
30m,PF0000.CZC
30m,PK2204.CZC
30m,PK2210.CZC
30m,PK2301.CZC
30m,PK2211.CZC
30m,PK2212.CZC
30m,PK0000.CZC
30m,AG2204.SHF
30m,AG2206.SHF
30m,AG2207.SHF
30m,AG2205.SHF
30m,AG2208.SHF
30m,AG2209.SHF
30m,AG2210.SHF
30m,AG2212.SHF
30m,AG2301.SHF
30m,AG2211.SHF
30m,AG0000.SHF
30m,JM2204.DCE
30m,JM2206.DCE
30m,JM2205.DCE
30m,JM2207.DCE
30m,JM2208.DCE
30m,JM2209.DCE
30m,JM2301.DCE
30m,JM2210.DCE
30m,JM2211.DCE
30m,JM2212.DCE
30m,JM0000.DCE
30m,EB2204.DCE
30m,EB2205.DCE
30m,EB2207.DCE
30m,EB2206.DCE
30m,EB2209.DCE
30m,EB2208.DCE
30m,EB2301.DCE
30m,EB2210.DCE
30m,EB2212.DCE
30m,EB2211.DCE
30m,EB0000.DCE
30m,FG2204.CZC
30m,FG2206.CZC
30m,FG2205.CZC
30m,FG2207.CZC
30m,FG2208.CZC
30m,FG2209.CZC
30m,FG2301.CZC
30m,FG2210.CZC
30m,FG2211.CZC
30m,FG2212.CZC
30m,FG0000.CZC
30m,SC2209.INE
30m,SC2212.INE
30m,SC2206.INE
30m,SC2303.INE
30m,SC2306.INE
30m,SC2309.INE
30m,SC2312.INE
30m,SC2403.INE
30m,SC2205.INE
30m,SC2406.INE
30m,SC2409.INE
30m,SC2207.INE
30m,SC2208.INE
30m,SC2210.INE
30m,SC2302.INE
30m,SC2211.INE
30m,SC2412.INE
30m,SC2301.INE
30m,SC0000.INE
30m,P2204.DCE
30m,P2206.DCE
30m,P2205.DCE
30m,P2207.DCE
30m,P2208.DCE
30m,P2209.DCE
30m,P2301.DCE
30m,P2210.DCE
30m,P2211.DCE
30m,P2212.DCE
30m,P0000.DCE
30m,RB2205.SHF
30m,RB2204.SHF
30m,RB2206.SHF
30m,RB2207.SHF
30m,RB2208.SHF
30m,RB2209.SHF
30m,RB2210.SHF
30m,RB2212.SHF
30m,RB2301.SHF
30m,RB2211.SHF
30m,RB0000.SHF
30m,J2204.DCE
30m,J2206.DCE
30m,J2205.DCE
30m,J2207.DCE
30m,J2208.DCE
30m,J2209.DCE
30m,J2301.DCE
30m,J2210.DCE
30m,J2211.DCE
30m,J2212.DCE
30m,J0000.DCE
30m,SM2204.CZC
30m,SM2206.CZC
30m,SM2205.CZC
30m,SM2207.CZC
30m,SM2208.CZC
30m,SM2209.CZC
30m,SM2301.CZC
30m,SM2210.CZC
30m,SM2211.CZC
30m,SM2212.CZC
30m,SM0000.CZC
30m,SA2204.CZC
30m,SA2206.CZC
30m,SA2205.CZC
30m,SA2207.CZC
30m,SA2208.CZC
30m,SA2209.CZC
30m,SA2301.CZC
30m,SA2210.CZC
30m,SA2211.CZC
30m,SA2212.CZC
30m,SA0000.CZC
30m,HC2205.SHF
30m,HC2204.SHF
30m,HC2206.SHF
30m,HC2207.SHF
30m,HC2208.SHF
30m,HC2209.SHF
30m,HC2210.SHF
30m,HC2212.SHF
30m,HC2301.SHF
30m,HC2211.SHF
30m,HC0000.SHF
30m,V2204.DCE
30m,V2206.DCE
30m,V2205.DCE
30m,V2207.DCE
30m,V2208.DCE
30m,V2209.DCE
30m,V2301.DCE
30m,V2210.DCE
30m,V2211.DCE
30m,V2212.DCE
30m,V0000.DCE
30m,ME0000.CZC
30m,CS2205.DCE
30m,CS2207.DCE
30m,CS2209.DCE
30m,CS2301.DCE
30m,CS2211.DCE
30m,CS0000.DCE
30m,L2204.DCE
30m,L2206.DCE
30m,L2205.DCE
30m,L2207.DCE
30m,L2208.DCE
30m,L2209.DCE
30m,L2301.DCE
30m,L2210.DCE
30m,L2211.DCE
30m,L2212.DCE
30m,L0000.DCE
30m,A2205.DCE
30m,A2207.DCE
30m,A2209.DCE
30m,A2301.DCE
30m,A2211.DCE
30m,A0000.DCE
30m,UR2204.CZC
30m,UR2206.CZC
30m,UR2205.CZC
30m,UR2207.CZC
30m,UR2208.CZC
30m,UR2209.CZC
30m,UR2301.CZC
30m,UR2210.CZC
30m,UR2211.CZC
30m,UR2212.CZC
30m,UR0000.CZC
30m,RM2205.CZC
30m,RM2207.CZC
30m,RM2208.CZC
30m,RM2209.CZC
30m,RM2301.CZC
30m,RM2211.CZC
30m,RM0000.CZC
60m,Y2205.DCE
60m,Y2207.DCE
60m,Y2208.DCE
60m,Y2209.DCE
60m,Y2301.DCE
60m,Y2211.DCE
60m,Y2212.DCE
60m,Y0000.DCE
60m,SP2204.SHF
60m,SP2206.SHF
60m,SP2205.SHF
60m,SP2207.SHF
60m,SP2208.SHF
60m,SP2209.SHF
60m,SP2301.SHF
60m,SP2210.SHF
60m,SP2212.SHF
60m,SP2211.SHF
60m,SP0000.SHF
60m,LU2205.INE
60m,LU2206.INE
60m,LU2209.INE
60m,LU2207.INE
60m,LU2208.INE
60m,LU2210.INE
60m,LU2302.INE
60m,LU2211.INE
60m,LU2212.INE
60m,LU2301.INE
60m,LU0000.INE
60m,B2204.DCE
60m,B2206.DCE
60m,B2205.DCE
60m,B2207.DCE
60m,B2208.DCE
60m,B2209.DCE
60m,B2301.DCE
60m,B2210.DCE
60m,B2211.DCE
60m,B2212.DCE
60m,B0000.DCE
60m,TA2204.CZC
60m,TA2206.CZC
60m,TA2205.CZC
60m,TA2207.CZC
60m,TA2208.CZC
60m,TA2209.CZC
60m,TA2301.CZC
60m,TA2210.CZC
60m,TA2211.CZC
60m,TA2212.CZC
60m,TA0000.CZC
60m,LH2205.DCE
60m,LH2207.DCE
60m,LH2209.DCE
60m,LH2301.DCE
60m,LH2211.DCE
60m,LH0000.DCE
60m,C2205.DCE
60m,C2207.DCE
60m,C2209.DCE
60m,C2301.DCE
60m,C2211.DCE
60m,C0000.DCE
60m,BU2206.SHF
60m,BU2209.SHF
60m,BU2212.SHF
60m,BU2303.SHF
60m,BU2306.SHF
60m,BU2309.SHF
60m,BU2204.SHF
60m,BU2312.SHF
60m,BU2207.SHF
60m,BU2205.SHF
60m,BU0000.SHF
60m,SR2205.CZC
60m,SR2207.CZC
60m,SR2209.CZC
60m,SR2301.CZC
60m,SR2211.CZC
60m,SR0000.CZC
60m,I2205.DCE
60m,I2204.DCE
60m,I2206.DCE
60m,I2207.DCE
60m,I2208.DCE
60m,I2209.DCE
60m,I2301.DCE
60m,I2210.DCE
60m,I2211.DCE
60m,I2212.DCE
60m,I0000.DCE
60m,MA2204.CZC
60m,MA2206.CZC
60m,MA2205.CZC
60m,MA2207.CZC
60m,MA2208.CZC
60m,MA2209.CZC
60m,MA2301.CZC
60m,MA2210.CZC
60m,MA2211.CZC
60m,MA2212.CZC
60m,MA0000.CZC
60m,M2205.DCE
60m,M2207.DCE
60m,M2208.DCE
60m,M2209.DCE
60m,M2301.DCE
60m,M2211.DCE
60m,M2212.DCE
60m,M0000.DCE
60m,FU2205.SHF
60m,FU2206.SHF
60m,FU2209.SHF
60m,FU2207.SHF
60m,FU2208.SHF
60m,FU2210.SHF
60m,FU2302.SHF
60m,FU2211.SHF
60m,FU2212.SHF
60m,FU2301.SHF
60m,FU0000.SHF
60m,JD2204.DCE
60m,JD2205.DCE
60m,JD2207.DCE
60m,JD2206.DCE
60m,JD2208.DCE
60m,JD2209.DCE
60m,JD2301.DCE
60m,JD2210.DCE
60m,JD2212.DCE
60m,JD2211.DCE
60m,JD0000.DCE
60m,SF2204.CZC
60m,SF2206.CZC
60m,SF2205.CZC
60m,SF2207.CZC
60m,SF2208.CZC
60m,SF2209.CZC
60m,SF2301.CZC
60m,SF2210.CZC
60m,SF2211.CZC
60m,SF2212.CZC
60m,SF0000.CZC
60m,PB2205.SHF
60m,PB2204.SHF
60m,PB2206.SHF
60m,PB2207.SHF
60m,PB2208.SHF
60m,PB2209.SHF
60m,PB2210.SHF
60m,PB2212.SHF
60m,PB2301.SHF
60m,PB2211.SHF
60m,PB0000.SHF
60m,PF2205.CZC
60m,PF2204.CZC
60m,PF2206.CZC
60m,PF2207.CZC
60m,PF2209.CZC
60m,PF2208.CZC
60m,PF2210.CZC
60m,PF2301.CZC
60m,PF2211.CZC
60m,PF2212.CZC
60m,PF0000.CZC
60m,PK2204.CZC
60m,PK2210.CZC
60m,PK2301.CZC
60m,PK2211.CZC
60m,PK2212.CZC
60m,PK0000.CZC
60m,AG2204.SHF
60m,AG2206.SHF
60m,AG2207.SHF
60m,AG2205.SHF
60m,AG2208.SHF
60m,AG2209.SHF
60m,AG2210.SHF
60m,AG2212.SHF
60m,AG2301.SHF
60m,AG2211.SHF
60m,AG0000.SHF
60m,JM2204.DCE
60m,JM2206.DCE
60m,JM2205.DCE
60m,JM2207.DCE
60m,JM2208.DCE
60m,JM2209.DCE
60m,JM2301.DCE
60m,JM2210.DCE
60m,JM2211.DCE
60m,JM2212.DCE
60m,JM0000.DCE
60m,EB2204.DCE
60m,EB2205.DCE
60m,EB2207.DCE
60m,EB2206.DCE
60m,EB2209.DCE
60m,EB2208.DCE
60m,EB2301.DCE
60m,EB2210.DCE
60m,EB2212.DCE
60m,EB2211.DCE
60m,EB0000.DCE
60m,FG2204.CZC
60m,FG2206.CZC
60m,FG2205.CZC
60m,FG2207.CZC
60m,FG2208.CZC
60m,FG2209.CZC
60m,FG2301.CZC
60m,FG2210.CZC
60m,FG2211.CZC
60m,FG2212.CZC
60m,FG0000.CZC
60m,SC2209.INE
60m,SC2212.INE
60m,SC2206.INE
60m,SC2303.INE
60m,SC2306.INE
60m,SC2309.INE
60m,SC2312.INE
60m,SC2403.INE
60m,SC2205.INE
60m,SC2406.INE
60m,SC2409.INE
60m,SC2207.INE
60m,SC2208.INE
60m,SC2210.INE
60m,SC2302.INE
60m,SC2211.INE
60m,SC2412.INE
60m,SC2301.INE
60m,SC0000.INE
60m,P2204.DCE
60m,P2206.DCE
60m,P2205.DCE
60m,P2207.DCE
60m,P2208.DCE
60m,P2209.DCE
60m,P2301.DCE
60m,P2210.DCE
60m,P2211.DCE
60m,P2212.DCE
60m,P0000.DCE
60m,RB2205.SHF
60m,RB2204.SHF
60m,RB2206.SHF
60m,RB2207.SHF
60m,RB2208.SHF
60m,RB2209.SHF
60m,RB2210.SHF
60m,RB2212.SHF
60m,RB2301.SHF
60m,RB2211.SHF
60m,RB0000.SHF
60m,J2204.DCE
60m,J2206.DCE
60m,J2205.DCE
60m,J2207.DCE
60m,J2208.DCE
60m,J2209.DCE
60m,J2301.DCE
60m,J2210.DCE
60m,J2211.DCE
60m,J2212.DCE
60m,J0000.DCE
60m,SM2204.CZC
60m,SM2206.CZC
60m,SM2205.CZC
60m,SM2207.CZC
60m,SM2208.CZC
60m,SM2209.CZC
60m,SM2301.CZC
60m,SM2210.CZC
60m,SM2211.CZC
60m,SM2212.CZC
60m,SM0000.CZC
60m,SA2204.CZC
60m,SA2206.CZC
60m,SA2205.CZC
60m,SA2207.CZC
60m,SA2208.CZC
60m,SA2209.CZC
60m,SA2301.CZC
60m,SA2210.CZC
60m,SA2211.CZC
60m,SA2212.CZC
60m,SA0000.CZC
60m,HC2205.SHF
60m,HC2204.SHF
60m,HC2206.SHF
60m,HC2207.SHF
60m,HC2208.SHF
60m,HC2209.SHF
60m,HC2210.SHF
60m,HC2212.SHF
60m,HC2301.SHF
60m,HC2211.SHF
60m,HC0000.SHF
60m,V2204.DCE
60m,V2206.DCE
60m,V2205.DCE
60m,V2207.DCE
60m,V2208.DCE
60m,V2209.DCE
60m,V2301.DCE
60m,V2210.DCE
60m,V2211.DCE
60m,V2212.DCE
60m,V0000.DCE
60m,ME0000.CZC
60m,CS2205.DCE
60m,CS2207.DCE
60m,CS2209.DCE
60m,CS2301.DCE
60m,CS2211.DCE
60m,CS0000.DCE
60m,L2204.DCE
60m,L2206.DCE
60m,L2205.DCE
60m,L2207.DCE
60m,L2208.DCE
60m,L2209.DCE
60m,L2301.DCE
60m,L2210.DCE
60m,L2211.DCE
60m,L2212.DCE
60m,L0000.DCE
60m,A2205.DCE
60m,A2207.DCE
60m,A2209.DCE
60m,A2301.DCE
60m,A2211.DCE
60m,A0000.DCE
60m,UR2204.CZC
60m,UR2206.CZC
60m,UR2205.CZC
60m,UR2207.CZC
60m,UR2208.CZC
60m,UR2209.CZC
60m,UR2301.CZC
60m,UR2210.CZC
60m,UR2211.CZC
60m,UR2212.CZC
60m,UR0000.CZC
60m,RM2205.CZC
60m,RM2207.CZC
60m,RM2208.CZC
60m,RM2209.CZC
60m,RM2301.CZC
60m,RM2211.CZC
60m,RM0000.CZC
